session_idx,pupil_x,pupil_y,scene_target_x,scene_target_y
0,302.000,213.000,717.041,400.778
0,343.500,208.000,1195.248,268.405
0,366.000,263.000,826.483,561.140
0,375.500,193.000,1238.029,515.197
0,311.500,186.500,634.527,745.520
0,298.000,173.500,885.337,739.739
1,271.000,228.000,506.503,576.684
1,292.000,228.000,728.728,555.592
1,313.000,228.000,945.255,524.471
1,332.500,229.000,1147.557,511.987
1,269.000,242.000,510.494,745.969
1,291.000,240.000,744.400,714.590
1,313.000,238.000,962.759,667.329
1,332.000,239.000,1167.792,658.165
2,248.000,221.000,315.726,484.325
2,276.000,218.000,631.133,448.060
2,301.000,216.500,935.334,387.802
2,326.000,218.000,1222.240,342.048
2,248.000,232.000,344.361,682.748
2,275.000,230.500,645.681,651.377
2,300.000,229.000,938.430,569.336
2,323.000,230.000,1206.948,538.649
2,248.000,245.000,358.833,867.870
2,272.000,243.000,643.205,844.462
2,293.500,242.000,911.942,818.966
2,317.000,245.000,1178.633,794.894
3,291.000,225.000,690.944,348.369
3,306.000,225.000,860.252,341.126
3,323.500,225.000,1030.289,311.298
3,342.000,226.000,1228.196,294.184
3,291.000,231.000,720.707,444.440
3,309.000,234.000,901.521,464.573
3,322.000,235.000,1020.072,480.851
3,336.000,236.000,1173.092,471.762
3,287.000,248.000,696.827,693.843
3,294.000,257.000,778.193,828.542
3,315.000,256.000,1000.550,815.349
3,333.000,257.000,1194.419,783.314
4,281.000,230.000,661.031,619.383
4,297.000,228.000,828.972,592.126
4,314.000,227.000,1005.962,555.113
4,330.000,228.000,1183.596,530.944
4,282.000,233.000,693.743,697.547
4,299.000,234.000,872.347,680.491
4,314.000,235.000,1030.603,665.103
4,331.000,236.000,1216.401,646.815
4,276.000,243.000,638.178,845.399
4,294.000,243.000,833.715,828.577
4,311.000,245.000,1018.897,822.464
4,326.000,237.000,1174.577,669.087
5,295.000,233.500,770.134,429.829
5,313.000,232.000,951.804,380.065
5,331.000,233.000,1145.663,364.423
5,351.000,235.000,1356.645,359.951
5,294.000,240.000,766.715,530.124
5,314.000,242.000,973.282,536.102
5,333.000,243.000,1166.001,523.011
5,350.000,245.000,1377.394,514.304
5,293.000,251.000,775.310,693.312
5,312.000,252.000,971.194,688.280
5,332.000,255.000,1172.066,685.346
5,350.000,258.000,1380.526,688.423
6,283.000,229.000,688.701,414.780
6,299.000,229.000,867.667,403.717
6,315.500,229.000,1039.688,388.040
6,332.000,230.000,1221.504,367.579
6,279.000,237.000,663.923,551.855
6,298.000,236.000,863.638,526.678
6,316.500,237.000,1050.449,511.097
6,333.000,238.000,1240.919,491.535
6,285.000,245.000,739.679,666.393
6,298.000,249.000,870.098,700.821
6,317.000,250.000,1070.628,675.478
6,335.500,251.000,1271.690,656.880
7,280.000,226.000,682.169,393.078
7,295.000,223.000,837.070,337.930
7,312.000,225.000,1013.406,332.562
7,328.000,227.000,1193.179,321.765
7,274.000,234.000,633.336,515.939
7,293.000,233.000,818.794,497.680
7,310.000,234.000,1004.008,491.149
7,327.000,236.000,1194.858,474.861
7,278.000,243.000,667.764,655.498
7,296.000,242.000,858.696,637.741
7,313.000,245.000,1045.479,630.872
7,331.000,246.000,1237.955,619.017
8,283.000,226.000,752.315,422.745
8,295.000,224.000,888.074,378.019
8,310.000,226.000,1049.945,388.449
8,326.000,228.000,1227.825,382.143
8,279.000,234.000,724.727,554.721
8,294.000,235.000,890.588,550.770
8,311.000,235.000,1064.707,537.675
8,327.000,237.000,1245.124,525.415
8,289.000,242.000,830.173,677.917
8,298.000,248.000,932.385,771.527
8,313.500,251.000,1103.219,779.134
8,329.000,252.000,1280.241,767.408
9,276.000,235.000,604.538,502.787
9,287.000,226.000,739.807,338.856
9,312.000,228.000,992.787,334.539
9,333.000,232.000,1238.889,331.357
9,263.000,241.000,478.493,589.512
9,287.000,241.000,730.965,580.687
9,309.000,243.000,965.676,585.610
9,330.000,247.000,1213.422,575.739
9,261.000,258.000,468.577,834.684
9,285.000,257.000,718.803,812.478
9,309.000,257.000,972.494,798.164
9,330.000,260.000,1209.963,774.226
10,267.000,224.000,346.100,238.482
10,311.000,224.000,811.840,227.711
10,351.000,229.000,1245.096,217.234
10,384.000,240.000,1680.214,222.493
10,275.000,242.000,476.777,508.488
10,315.000,242.000,884.430,499.836
10,352.000,249.000,1283.751,518.513
10,384.000,258.000,1673.695,523.745
10,282.000,261.000,552.545,793.049
10,294.000,300.000,868.241,838.593
10,345.000,272.000,1223.290,863.901
10,378.000,280.000,1615.266,862.173
11,273.000,217.000,499.574,353.197
11,304.000,217.000,816.757,337.818
11,335.000,222.000,1150.293,342.977
11,362.000,229.000,1485.275,330.956
11,269.000,234.000,453.210,622.838
11,300.000,234.000,781.579,606.580
11,332.000,237.000,1120.210,588.057
11,363.000,242.000,1494.816,544.869
11,268.000,250.000,450.112,857.185
11,301.500,253.000,798.943,858.656
11,333.000,255.000,1149.469,845.052
11,364.000,261.000,1510.266,838.875
12,267.500,223.000,437.914,374.576
12,298.000,223.000,787.193,391.754
12,328.000,221.000,1112.980,290.063
12,357.000,228.000,1449.945,299.152
12,271.000,236.000,514.064,612.400
12,303.000,237.000,845.830,594.229
12,333.000,240.000,1165.701,584.430
12,360.000,246.000,1494.534,579.620
12,273.000,255.000,523.834,885.623
12,302.000,255.000,837.169,870.660
12,332.000,256.500,1178.278,825.703
12,359.000,261.000,1492.909,817.095
13,267.000,211.000,408.088,303.783
13,295.000,210.000,719.428,282.394
13,320.000,211.000,994.403,262.651
13,345.000,215.000,1290.930,224.512
13,366.000,220.000,1566.726,197.978
13,264.000,222.000,398.988,472.685
13,315.000,221.000,957.920,427.851
13,342.000,225.000,1267.854,399.422
13,369.000,235.000,1615.750,437.878
13,273.000,237.000,524.858,703.646
13,296.000,236.000,768.860,681.391
13,321.000,238.000,1030.294,659.702
13,362.000,246.000,1527.635,645.991
13,267.000,251.000,469.115,916.897
13,291.000,251.000,722.077,898.078
13,316.000,252.000,987.856,880.380
13,340.000,255.000,1252.371,867.339
13,360.000,259.000,1501.059,858.223
13,288.000,224.000,686.265,493.735
13,340.000,240.000,1252.181,642.943
14,265.000,214.000,433.332,345.588
14,296.000,213.000,775.408,324.109
14,325.000,217.000,1110.750,319.887
14,353.000,222.000,1451.971,295.332
14,263.000,229.000,426.643,601.252
14,294.000,229.000,761.687,585.211
14,324.000,232.000,1088.198,565.662
14,352.000,237.000,1420.820,544.503
14,264.000,246.000,430.276,841.407
14,294.000,247.000,749.966,832.516
14,322.000,248.000,1068.823,815.210
14,350.000,251.000,1389.645,792.846
15,268.000,211.000,481.767,297.362
15,291.000,210.000,735.002,282.915
15,314.000,212.000,995.007,274.775
15,358.000,221.000,1530.694,241.102
15,266.000,221.000,461.021,459.569
15,290.000,221.000,721.391,449.451
15,314.000,222.000,981.199,435.681
15,336.000,225.000,1237.420,422.527
15,357.000,230.000,1508.175,415.916
15,266.000,232.000,475.941,635.933
15,290.000,232.000,723.953,624.394
15,315.000,234.000,991.541,626.317
15,335.000,237.000,1236.886,615.276
15,266.000,244.000,479.314,817.366
15,289.000,245.000,722.247,815.336
15,313.000,247.000,983.015,812.376
15,334.000,249.000,1222.721,799.049
15,355.000,253.000,1480.387,788.737
15,335.000,216.000,1225.157,273.856
15,355.000,243.000,1479.360,625.384
16,273.000,211.000,499.682,310.950
16,303.000,212.000,832.075,320.971
16,334.000,217.000,1192.596,322.299
16,360.000,224.000,1551.985,329.093
16,268.000,226.000,474.708,577.822
16,301.000,229.000,833.238,588.347
16,331.000,233.000,1187.022,599.646
16,361.000,241.000,1569.349,595.965
16,267.000,246.000,475.962,883.732
16,300.000,247.000,841.553,876.936
16,331.000,251.000,1200.839,876.485
16,360.000,257.000,1578.496,869.423
17,267.000,207.000,447.267,240.210
17,295.000,208.000,768.839,257.275
17,322.000,211.000,1069.878,253.867
17,345.000,216.000,1380.879,248.199
17,368.000,223.000,1702.952,240.966
17,267.000,219.000,472.576,476.573
17,294.000,219.000,770.679,464.638
17,321.000,223.000,1070.305,474.927
17,345.000,227.000,1362.012,473.739
17,366.000,233.000,1664.795,471.487
17,265.000,233.000,455.361,706.055
17,292.000,233.000,752.545,701.381
17,318.000,235.000,1045.011,695.590
17,342.000,241.000,1346.194,712.321
17,267.000,246.000,489.081,907.078
17,293.000,247.000,774.685,906.352
17,318.000,248.000,1072.418,875.499
17,342.500,252.000,1365.113,873.336
17,366.000,246.000,1680.113,687.227
17,366.000,260.000,1697.373,906.809
18,306.500,215.000,775.754,229.964
18,330.000,218.000,1033.041,237.409
18,355.000,223.000,1338.090,229.802
18,274.000,230.000,463.484,504.376
18,302.000,230.000,758.754,489.843
18,330.000,235.000,1053.149,498.987
18,355.000,241.000,1349.358,504.668
18,379.000,245.000,1666.211,482.402
18,275.000,246.000,504.859,737.989
18,303.000,245.000,791.098,716.246
18,330.000,248.000,1078.062,706.203
18,356.000,250.000,1379.905,655.793
18,379.000,257.000,1684.610,659.582
18,277.000,257.000,534.997,898.270
18,302.000,258.000,791.818,904.455
18,327.000,261.000,1059.469,898.344
18,356.000,261.500,1379.564,841.458
18,378.000,268.000,1680.264,844.760
18,273.000,216.000,458.027,301.862
18,379.000,240.000,1761.046,364.869
19,325.000,212.000,969.840,221.117
19,351.000,217.000,1270.134,229.249
19,375.000,223.000,1564.337,218.606
19,264.000,220.000,342.897,429.010
19,294.000,221.000,658.540,454.624
19,323.000,225.000,946.790,459.539
19,348.000,230.000,1235.312,476.283
19,373.000,237.000,1530.721,471.565
19,264.000,239.000,357.377,720.617
19,301.000,238.500,729.464,704.720
19,328.000,244.000,1023.363,685.486
19,360.000,251.000,1391.016,657.319
19,382.000,254.000,1677.020,668.060
19,278.000,253.000,513.600,906.880
19,305.500,252.000,779.316,893.500
19,332.000,254.500,1067.232,887.792
19,357.000,258.000,1355.972,880.779
19,379.000,264.000,1647.162,881.101
19,272.000,210.000,429.519,287.262
19,300.000,209.000,735.661,279.834
20,269.000,211.000,408.964,309.369
20,296.000,212.000,704.134,313.431
20,322.000,213.000,985.086,299.509
20,346.000,218.000,1264.284,287.600
20,369.000,225.000,1548.383,291.445
20,270.000,224.000,447.639,515.369
20,297.000,225.000,731.362,511.523
20,323.000,227.000,1002.362,501.729
20,349.000,232.000,1298.505,503.193
20,371.000,238.000,1585.277,499.001
20,270.000,238.000,455.552,733.866
20,296.000,239.000,730.775,717.771
20,370.000,250.000,1590.511,691.324
20,298.000,252.000,761.880,911.196
20,348.000,257.000,1317.272,881.672
20,328.000,242.000,1086.752,708.697
20,352.000,247.000,1379.729,700.850
20,279.000,254.000,566.707,920.344
20,330.000,256.000,1101.274,912.994
20,377.000,267.000,1715.140,925.199
21,310.500,214.000,853.738,362.507
21,359.000,221.000,1383.244,336.258
21,276.000,230.000,526.264,625.964
21,337.000,233.000,1140.618,593.793
21,364.000,235.000,1436.916,561.211
21,272.000,219.000,488.966,476.042
21,301.000,218.000,782.096,453.830
21,327.000,219.000,1044.129,445.401
21,246.000,236.000,222.866,708.665
21,328.000,234.000,1058.861,665.527
21,249.000,251.000,258.483,948.194
21,306.000,222.000,845.450,510.031
21,353.000,227.000,1348.918,460.419
21,374.000,229.000,1631.785,427.804
21,373.500,243.000,1626.756,637.824
21,299.000,248.000,798.046,897.558
22,269.000,209.000,458.360,261.981
22,292.000,208.000,700.153,242.434
22,317.000,207.500,948.173,228.084
22,339.000,210.000,1183.097,214.204
22,268.000,220.000,454.421,450.205
22,292.000,220.000,703.637,429.990
22,316.000,220.000,949.335,415.761
22,338.000,223.000,1185.084,404.809
22,266.000,233.500,456.723,642.377
22,292.000,237.500,701.269,621.115
22,315.000,232.000,945.729,604.103
22,338.000,233.000,1181.237,587.539
23,280.000,209.000,590.611,281.669
23,302.000,210.000,815.197,266.434
23,324.000,210.000,1058.401,235.492
23,341.000,221.000,1224.702,375.838
23,270.000,226.000,496.014,567.988
23,293.500,226.000,745.801,551.793
24,283.000,213.000,636.225,405.177
24,308.000,212.000,884.093,393.644
24,331.000,215.000,1132.866,382.100
24,353.000,219.000,1375.157,369.766
24,279.000,226.000,584.882,601.667
24,299.000,223.000,816.341,516.325
24,226.000,242.500,614.539,693.188
24,170.000,213.000,849.893,677.868
25,266.000,218.000,411.034,362.556
25,295.000,217.000,687.337,349.526
25,321.000,217.000,955.541,342.021
25,346.000,221.000,1216.103,346.151
25,263.000,229.000,377.271,564.791
25,289.000,230.000,651.239,564.266
25,318.500,230.000,926.086,548.467
25,344.000,235.000,1194.150,534.670
25,261.000,243.000,380.190,743.837
25,289.000,244.000,655.933,744.154
25,317.000,244.000,927.140,731.954
25,341.000,250.000,1191.881,741.656
26,278.000,208.000,526.198,251.484
26,315.000,215.000,908.117,323.314
26,337.000,219.000,1145.547,348.832
26,360.000,224.000,1411.378,331.770
26,282.000,228.000,583.908,565.780
26,311.000,231.000,881.501,568.043
26,338.000,236.000,1163.730,577.643
26,311.000,249.000,871.793,828.354
